{
  "project_info": {
    "project_number": "1043805054356",
    "project_id": "expendituremanager-86d65",
    "storage_bucket": "expendituremanager-86d65.firebasestorage.app"
  },
  "client": [
    {
      "client_info": {
        "mobilesdk_app_id": "1:1043805054356:android:875617e810bd7cf9d5db81",
        "android_client_info": {
          "package_name": "com.example.expendituremanager"
        }
      },
      "oauth_client": [],
      "api_key": [
        {
          "current_key": "AIzaSyDB3gRf4Q5eMqiblQNdb6n48ofUEV0kCtY"
        }
      ],
      "services": {
        "appinvite_service": {
          "other_platform_oauth_client": []
        }
      }
    }
  ],
  "configuration_version": "1"
}